sku,Item ID
6/QEAAy1U=XSO-797,AXSO-797
H0-5XZP-RABH,APRO-111
I2-Q57T-USV6,AEACTNT-1
WY-EUE6-NWVE,AEDGTNT-1112
ES-9ET7-8LT0,AEDGTNT-1106
J6-IF1Y-7FNL,AEDGTNT-146
0Z-ZGVF-82CF,AELPTNT-1
RV-ZBB7-IMWC,AEDGTNT-46
852260000272,AEPTTNT-C
UM-Y1JJ-SO51,AEMPTNT-1
UV-OZ20-U8J1,AEPTTNT-S
SP-SBJM-5OO8,APRO17-111
HG-SHY4-BOLM,APROSP17-111
0Y-U3KF-U4B9,AFPT-C
3J-GXFJ-1X8P,AFLP-1
QA-M07E-4LP2,AFPT-S
ZQ-82FP-K0WV,AFAC-1
0R-21VA-RGNK,AFDG-1106
9Q-ILJ8-VBIT,AFDG-1112
GF-UDO8-YGXK,AFDG-146
PO-WRO2-6AAA,AFMP-1
FB-Y2DW-HHAW,ACDG-P3
OB-RCEH-BSJ5,ACDG-G3
58-E04P-277P,ACDG-G3
852260000173,APROK-111
Q3-YUDC-8DO5,AFDG-N3
Y0-68HA-LV78,APROSP-111
SW-7ZJM-96H5,ASLC-497
3D-7X06-NH3J,AEDGTNT-5112
HJ-2VNV-YHIA,AFDG-5112
IO-X0MP-WVSI,AFDG-123
DB-F884-TJUP,AFMP-51
B7-497F-8I0E,ABIO-101
7G-WQE7-XIL9,AFPT-S51
GD-YC6M-FL6O,AEPTTNT-C51
38-U6XV-VE95,AEDGTNT-1116
CF-AJJL-34Z3,AFPT-C51
Z8-P3LZ-Z13I,AEDGTNT-5106
U4-SL2P-TNP0,AFDG-1116
6K-XRZ7-5UEL,AELPTNT-51
A1-JZYJ-CJL1,AFDG-5106
V8-NB7D-ULH0,AFLP-51
Z7-B4T4-39G6,AFDG-5123
D4-IHD9-7TIR,AEMPTNT-51
ID-2N0Z-0NFC,AFDG-5116
WR-YC6T-WEIP,AEPTTNT-S51
1R-DAJD-5SC5,AEDGTNT-5123
Z0-HJ85-WNIW,AEDGTNT-5116
N8-FL5I-8BL3,AFDG-46
RU-9GV3-9HLY,AFAC-51
PF-UY23-K3B2,AEDGTNT-123
ZI-WS1N-NB8P,AEACTNT-51
YF-TV1J-SHKY,AEPT-97
L6-QESY-X6XE,AEPF-3
BJ-D8OR-QHI8,ADSK30-111 30ml
71-4F7W-B3J3,ASCST-111
5A-NTZ5-I5A6,ASCSO-797
YZ-MD9I-GW1H,ASCST17-111
JZ-VJJ9-6COA,ASCSTSP-111
UW-GBT1-G4YE,ASFG-1106
QU-D4LM-E3QF,ASFG-N3
6L-269S-GOYW,ASFAC-1
SZ-0Q31-XEVO,ASFLP-51
7E-V1AG-82J1,ASFG-1112
SC-7THX-IB0E,ASFMP-1
6/QEAAy1U=XSO-797,AXSO-797
H0-5XZP-RABH,APRO-111
SP-SBJM-5OO8,APRO17-111
3J-GXFJ-1X8P,AFLP-1
ZQ-82FP-K0WV,AFAC-1
0R-21VA-RGNK,AFDG-1106
9Q-ILJ8-VBIT,AFDG-1112
PO-WRO2-6AAA,AFMP-1
Q3-YUDC-8DO5,AFDG-N3
SW-7ZJM-96H5,ASLC-497
L6-QESY-X6XE,AEPF-3
BJ-D8OR-QHI8,ADSK30-111 30ml
71-4F7W-B3J3,ASCST-111
5A-NTZ5-I5A6,ASCSO-797
YZ-MD9I-GW1H,ASCST17-111
UW-GBT1-G4YE,ASFG-1106
QU-D4LM-E3QF,ASFG-N3
854763005136,ASFAC-1
SZ-0Q31-XEVO,ASFLP-1
7E-V1AG-82J1,ASFG-1112
SC-7THX-IB0E,ASFMP-1
3H-U19E-28TW,AESF30-111 30ml
X002G2U565,ASFMP-1